names,species,wids
Ampelisca,NA,101445
Ampelisca vadorum,Ampelisca vadorum,158022
Ampelisca verrilli,Ampelisca verrilli,158023
Anachis avara,NA,NA
Aoridae,NA,101368
Arcidae,NA,208
Aricidea,NA,129430
Aricidea (Acmira) catherinae,Aricidea (Acmira) catherinae,333034
Bivalvia,NA,105
Brania wellfleetensis,Brania wellfleetensis,157288
Calyptraeidae,NA,141
Cirratulidae,NA,919
Corophiidae,NA,101376
Crepidula fornicata,Crepidula fornicata,138963
Crepidula plana,Crepidula plana,160230
Cymadusa compta,Cymadusa compta,158082
Eobrolgus spinosus,Eobrolgus spinosus,158087
Ericthonius punctatus,Ericthonius punctatus,102408
Eumida sanguinea,Eumida sanguinea,130644
Exogone rolani,Exogone rolani,760592
Gastropoda,NA,101
Glycera americana,Glycera americana,157388
Glycinde solitaria,NA,NA
Heteromastus filiformis,Heteromastus filiformis,129884
Hydroides dianthus,Hydroides dianthus,131000
Hypereteone heteropoda,Hypereteone heteropoda,333652
Leitoscoloplos,NA,129418
Lembos smithi,NA,NA
Lepidonotus sublevis,Lepidonotus sublevis,157450
Leucon americanus,NA,NA
Libinia dubia,Libinia dubia,107335
Listriella barnardi,NA,NA
Lumbriculidae,NA,177535
Lysianopsis alba,Lysianopsis alba,158036
Mediomastus,NA,129218
Mediomastus ambiseta,Mediomastus ambiseta,157482
Microdeutopus gryllotalpa,Microdeutopus gryllotalpa,102048
Mitrella,NA,137804
Nephtys picta,Nephtys picta,157501
Nereis acuminata,NA,NA
Pagurus longicarpus,Pagurus longicarpus,158403
Paraonis fulgens,Paraonis fulgens,146932
Parapionosyllis longicirrata,Parapionosyllis longicirrata,157524
Pectinaria gouldii,Pectinaria gouldii,334421
Peloscolex heterochaetus,NA,NA
Podarke obscura,NA,NA
Prionospio heterobranchia,Prionospio heterobranchia,157543
Scolelepis texana,NA,NA
Scoloplos robustus,Scoloplos robustus,157565
Streptosyllis arenae,Streptosyllis arenae,131398
Tharyx acutus,Tharyx acutus,155243
Tubificidae,NA,NA
NA,NA,NA
Acteocina canaliculata,Acteocina canaliculata,160065
Anadara,NA,137669
Aricidea (Acmira) cerrutii,Aricidea (Acmira) cerrutii,525497
Ascidiacea,NA,1839
Asychis elongata,NA,NA
Busycotypus canaliculatus,Busycotypus canaliculatus,160192
Chione,NA,206343
Cyclaspis varians,Cyclaspis varians,157810
Haminoea solitaria,NA,NA
Japonactaeon punctostriatus,Japonactaeon punctostriatus,420514
Melinna cristata,Melinna cristata,129804
Muricidae,NA,148
Notomastus lobatus,NA,NA
Paguridae,NA,106738
Prionospio steenstrupi,Prionospio steenstrupi,131164
Ptilanthura tenuis,Ptilanthura tenuis,157908
Pyramidellidae,NA,162
Solemya,NA,138514
Spiophanes bombyx,Spiophanes bombyx,131187
Tagelus,NA,156997
Tellina,NA,138533
Turbonilla,NA,138421
Veneridae,NA,243
Acanthohaustorius shoemakeri,Acanthohaustorius shoemakeri,345320
Acuminodeutopus naglei,NA,NA
Anadara transversa,Anadara transversa,156734
Astyris lunata,Astyris lunata,160102
Caecidae,NA,126
Caecum pulchellum,Caecum pulchellum,160149
Capitella,NA,129211
Capitella capitata,Capitella capitata,129876
Capitellides jonesi,NA,NA
Caprella penantis,Caprella penantis,101846
Caprellidae,NA,101361
Caulleriella,NA,129241
Cerapus tubularis,Cerapus tubularis,158078
Cerithiidae,NA,128
Crassinella,NA,415242
Grubeosyllis clavata,NA,NA
Haminoeidae,NA,23052
Leptochelia rapax,NA,NA
Magelona papillicornis,Magelona papillicornis,130272
Magelona pettiboneae,Magelona pettiboneae,329153
Nemertea,NA,152391
Oxyurostylis smithi,Oxyurostylis smithi,157834
Philine sagra,Philine sagra,532268
Platynereis dumerilii,Platynereis dumerilii,130417
Solemya velum,Solemya velum,156994
Synchelidium americanum,NA,NA
Tectonatica pusilla,Tectonatica pusilla,160063
Tharyx parvus,Tharyx parvus,334924
Actiniaria,NA,1360
Clymenella torquata,Clymenella torquata,130279
Lumbrineridae,NA,967
Maldanidae,NA,923
Melinna maculata,Melinna maculata,157486
Notomastus latericeus,Notomastus latericeus,129898
Phyllodoce arenae,Phyllodoce arenae,157530
Polydora cornuta,Polydora cornuta,131143
Prionospio,NA,129620
Scoletoma tenuis,Scoletoma tenuis,382375
Scoletoma verrilli,Scoletoma verrilli,421066
Sphaerosyllis taylori,Sphaerosyllis taylori,131394
Streblospio benedicti,Streblospio benedicti,131191
Tubulanus,NA,122388
Alitta virens,Alitta virens,234851
Ampharetidae,NA,981
Ampithoe longimana,Ampithoe longimana,158026
Cyathura polita,Cyathura polita,157847
Eteone longa,Eteone longa,130616
Exogone dispar,Exogone dispar,333453
Gemma gemma,Gemma gemma,156803
Hesionidae,NA,946
Melita nitida,Melita nitida,146922
Monoculodes edwardsi,NA,NA
Nassarius obsoletus,NA,NA
Nassarius vibex,NA,NA
Portunidae,NA,106763
Spiochaetopterus costarum,Spiochaetopterus costarum,129922
Xanthidae,NA,106769
Ampharete acutifrons,Ampharete acutifrons,129775
Amphiura,NA,123613
Anachis,NA,137802
Ancistrosyllis hartmanae,Ancistrosyllis hartmanae,157168
Byblis serrata,Byblis serrata,101946
Cabira incerta,Cabira incerta,157290
Cancer,NA,106876
Carazziella hobsonae,Carazziella hobsonae,327357
Cardiidae,NA,229
Cirrophorus,NA,129431
Crepidula,NA,137722
Edotia triloba,Edotia triloba,157885
Exogone,NA,129654
Exogone hebes,NA,NA
Leptocheirus pinguis,Leptocheirus pinguis,158112
Libinia,NA,106906
Lyonsia hyalina,Lyonsia hyalina,156793
Malmgreniella maccraryae,Malmgreniella maccraryae,329205
Marphysa sanguinea,Marphysa sanguinea,130075
Ninoe nigripes,Ninoe nigripes,130255
Nucula proxima,Nucula proxima,156916
Pandora gouldiana,Pandora gouldiana,156932
Phascolion strombus strombus,NA,NA
Phoxocephalus holbolli,Phoxocephalus holbolli,102989
Polygordius,NA,129472
Syllidae,NA,948
Tharyx dorsobranchialis,NA,NA
Unciola irrorata,Unciola irrorata,158156
Crangon septemspinosa,Crangon septemspinosa,158355
Dentalium,NA,137886
Idunella,NA,101581
Naticidae,NA,145
Pholoe minuta,Pholoe minuta,130603
Pinnixa,NA,158444
Polycirrus,NA,129710
Scalibregma inflatum,Scalibregma inflatum,130980
Ampharete arctica,NA,NA
Cirrophorus lyriformis,NA,NA
Parvicardium pinnulatum,Parvicardium pinnulatum,181343
Levinsenia gracilis,Levinsenia gracilis,130578
Nephtys incisa,Nephtys incisa,130362
Pagurus,NA,106854
Pitar morrhuanus,NA,NA
Scoloplos,NA,NA
Yoldia limatula,Yoldia limatula,157005
Aricidea (Aricidea) wassi,Aricidea (Aricidea) wassi,326605
Echinarachnius parma,Echinarachnius parma,158062
Hippomedon serratus,Hippomedon serratus,158102
Onuphidae,NA,965
Protohaustorius wigleyi,Protohaustorius wigleyi,158137
Rhepoxynius hudsoni,Rhepoxynius hudsoni,549011
Scoloplos armiger,Scoloplos armiger,130537
Tellinidae,NA,235
Astarte castanea,NA,NA
Caecum,NA,NA
Cirrophorus lyra,NA,NA
Enchytraeidae,NA,2038
Goniadella gracilis,Goniadella gracilis,130145
Harmothoe imbricata,Harmothoe imbricata,130769
Hyperia,NA,NA
Lumbrinerides acuta,Lumbrinerides acuta,130228
Lumbrineris fragilis,NA,NA
Marphysa bellii,NA,NA
Microphthalmus aberrans,Microphthalmus aberrans,130168
Paraonidae,NA,903
Pisione remota,Pisione remota,130707
Polycirrus eximius,NA,NA
Sphaerosyllis,NA,129677
Spisula solidissima,Spisula solidissima,156996
Tharyx annulosus,NA,NA
Angulus agilis,NA,NA
Corophium,NA,101489
Drilonereis longa,Drilonereis longa,157357
Goniadidae,NA,953
Hydroides,NA,129566
Hypereteone fauchaldi,Hypereteone fauchaldi,333651
Lembos websteri,Lembos websteri,102033
Microphthalmus sczelkowii,Microphthalmus sczelkowii,130174
Monocorophium insidiosum,Monocorophium insidiosum,148592
Odontosyllis fulgurans,Odontosyllis fulgurans,131327
Phyllodoce,NA,129455
Phyllodocidae,NA,931
Spio filicornis,Spio filicornis,131183
Chiridotea coeca,Chiridotea coeca,157842
Glyceridae,NA,952
Marenzelleria jonesi,NA,NA
Marenzelleria viridis,Marenzelleria viridis,131135
Nephtys,NA,129370
Nereididae,NA,22496
Nereis,NA,129379
Spionidae,NA,913
Lineidae,NA,122314
Aricidea suecica,NA,NA
Corbula contracta,NA,NA
Diplocirrus hirsutus,NA,NA
Lumbrineris impatiens,NA,NA
Mercenaria mercenaria,Mercenaria mercenaria,141919
Nassarius trivittatus,NA,NA
Paracaprella tenuis,Paracaprella tenuis,160028
Periploma papyratium,Periploma papyratium,156958
Pettiboneia duofurca,Pettiboneia duofurca,330507
Turbonilla interrupta,Turbonilla interrupta,160082
Gammarus,NA,101537
Schizobranchia insignis,Schizobranchia insignis,331699
Capitellidae,NA,921
Mulinia lateralis,Mulinia lateralis,156870
Spio,NA,129625
Streptosyllis varians,Streptosyllis varians,131401
Eudorella,NA,110412
Macoma tenta,NA,NA
Odostomia,NA,138413
Podarkeopsis levifuscina,Podarkeopsis levifuscina,330826
Sabaco americanus,NA,NA
Sigambra tentaculata,Sigambra tentaculata,130703
Asabellides oculata,NA,NA
Boonea bisuturalis,Boonea bisuturalis,397024
Cossurella,NA,NA
Cossuridae,NA,908
Cylichna oryza,NA,NA
Nuculanidae,NA,205
Littorina irrorata,NA,NA
Owenia fusiformis,Owenia fusiformis,130544
Pherusa affinis,Pherusa affinis,157526
Terebellidae,NA,982
Panopeus herbstii,Panopeus herbstii,158436
Ensis directus,NA,NA
Loimia,NA,129700
Sipuncula,NA,1268
Amphioplus abdita,NA,NA
Anachis lafresnayi,NA,NA
Axiothella mucosa,NA,NA
Dipolydora caulleryi,Dipolydora caulleryi,131116
Dipolydora socialis,Dipolydora socialis,131124
Gilvossius setimanus,Gilvossius setimanus,158385
Mytilus edulis,Mytilus edulis,140480
Ophiuroidea,NA,123084
Sthenelais boa,Sthenelais boa,131074
Cirrophorus brevicirratus,Cirrophorus brevicirratus,157298
Geukensia demissa,Geukensia demissa,156859
Pinnixa chaetopterana,NA,NA
Amphipoda,NA,1135
Anaitides maculata,NA,NA
Autolytus,NA,NA
Crangonidae,NA,106782
Crassinella lunulata,Crassinella lunulata,420843
Crenella decussata,Crenella decussata,140440
Cyclocardia borealis,Cyclocardia borealis,156832
Gracilipleustes gracilis,Gracilipleustes gracilis,549769
Hexapanopeus lobipes,NA,NA
Hydrozoa,NA,1337
Nereis grayi,Nereis grayi,157503
Neverita duplicata,Neverita duplicata,160407
Prosphaerosyllis longicauda,Prosphaerosyllis longicauda,238251
Sabellaria vulgaris,Sabellaria vulgaris,157555
Tanaissus,NA,136239
Turbellaria,NA,NA
Vitrinella,NA,160067
Crassicorophium crassicorne,Crassicorophium crassicorne,397383
Demonax microphthalmus,NA,NA
Eupolymnia nebulosa,Eupolymnia nebulosa,131489
Leitoscoloplos fragilis,Leitoscoloplos fragilis,157447
Lumbrineris ernesti,Lumbrineris ernesti,157472
Scolelepis,NA,129623
Alitta succinea,Alitta succinea,234850
Laeonereis culveri,Laeonereis culveri,333727
Macoma,NA,138531
Pygospio elegans,Pygospio elegans,131170
Chiridotea tuftsii,Chiridotea tuftsii,119031
Chironomidae,NA,118100
Gammarus annulatus,Gammarus annulatus,158090
Limnodrilus hoffmeisteri,Limnodrilus hoffmeisteri,137556
Ampelisca abdita,Ampelisca abdita,158020
Fabricinuda trilobata,Fabricinuda trilobata,559006
Lumbrineris,NA,129337
Serpulidae,NA,988
Amphicteis,NA,129156
Coelotanypus,NA,NA
Mya arenaria,Mya arenaria,140430
Paraprionospio alata,Paraprionospio alata,334390
Amphicteis floridus,NA,NA
Monoculodes intermedius,NA,NA
Almyracuma proximoculi,Almyracuma proximoculi,157809
Manayunkia speciosa,Manayunkia speciosa,155021
Polydora,NA,129619
Sabellidae,NA,985
Ampharete finmarchica,Ampharete finmarchica,129778
Heteromysis formosa,NA,NA
Nephtyidae,NA,956
Nephtys simoni,Nephtys simoni,329561
Majidae,NA,106760
Pherusa inflata,NA,NA
Phoronis,NA,128545
Pinnotheridae,NA,106775
Loimia medusa,Loimia medusa,131499
Rictaxis,NA,160472
Cossura,NA,129251
Amphicteis gunneri,Amphicteis gunneri,129784
Doridella obscura,NA,NA
Drilonereis,NA,129200
Elasmopus,NA,101671
Harmothoe,NA,129491
Polynoidae,NA,939
Cancer irroratus,Cancer irroratus,158057
Parametopella cypris,Parametopella cypris,158130
Paranaitis speciosa,Paranaitis speciosa,157522
Cossura longocirrata,Cossura longocirrata,129984
Euclymene zonalis,NA,NA
Neomysis americana,Neomysis americana,157807
Caulleriella killariensis,NA,NA
Dexamine thea,Dexamine thea,102136
Erichsonella filiformis,Erichsonella filiformis,157888
Lacuna vincta,Lacuna vincta,140170
Microdeutopus anomalus,Microdeutopus anomalus,102043
Microprotopus raneyi,Microprotopus raneyi,157854
Neanthes arenaceodentata,Neanthes arenaceodentata,334084
Paraphoxus oculatus,Paraphoxus oculatus,102986
Pettiboneia,NA,129271
Anomia simplex,Anomia simplex,156737
Boonea seminuda,Boonea seminuda,420438
Dyspanopeus sayi,Dyspanopeus sayi,107412
Lepidonotus squamatus,Lepidonotus squamatus,130801
Sigalionidae,NA,943
Aeginellidae,NA,NA
Ancistrosyllis,NA,129462
Ancyrocephalus,NA,119279
Decapoda,NA,1130
Cladotanytarsus,NA,NA
Corbicula fluminea,NA,NA
Dicrotendipes,NA,1754713
Gammarus tigrinus,Gammarus tigrinus,102296
Paratanytarsus,NA,NA
Paratendipes,NA,NA
Polypedilum,NA,NA
Polypedilum halterale,NA,NA
Robackia,NA,NA
Stictochironomus,NA,NA
Tanytarsus,NA,156922
Ischyroceridae,NA,101389
Callianassa,NA,107072
Mysidae,NA,119822
Upogebiidae,NA,106803
Ensis,NA,138333
Microphthalmus,NA,129313
Yoldia,NA,138672
Alpheidae,NA,106776
Aricidea philbinae,NA,NA
Astarte undata,Astarte undata,156747
Ennucula tenuis,Ennucula tenuis,140584
Notocirrus spiniferus,Notocirrus spiniferus,334234
Scoloplos acutus,NA,NA
Aphelochaeta,NA,129240
Callianassidae,NA,106800
Holothuroidea,NA,123083
Macrochaeta,NA,129141
Politolana concharum,Politolana concharum,157901
Sigalion arenicola,Sigalion arenicola,157567
Travisia carnea,Travisia carnea,156679
Acteocina,NA,137866
Cossura soyeri,Cossura soyeri,129986
Nucula,NA,138262
Sabaco elongatus,Sabaco elongatus,157550
Cirratulus grandis,NA,NA
Ilyodrilus mastix,NA,NA
Brada villosa,Brada villosa,335391
Potamilla reniformis,NA,NA
Oxyurostylis,NA,156883
Lophogastrida,NA,149669
Deutella incerta,Deutella incerta,421581
Monocorophium,NA,148591
Pherusa,NA,129293
Unciola dissimilis,Unciola dissimilis,158154
Pectinaria,NA,129437
Batea catharinensis,Batea catharinensis,158032
Branchiostoma,NA,104902
Monocorophium acherusicum,Monocorophium acherusicum,225814
Porcellanidae,NA,106734
Scoloplos rubra,NA,NA
Tharyx,NA,129249
Bateidae,NA,158030
Glycera dibranchiata,Glycera dibranchiata,157392
Limulus polyphemus,Limulus polyphemus,150514
Magelona,NA,129341
Nassariidae,NA,151
Synidotea,NA,118456
Turridae,NA,152
Protohaustorius,NA,158135
Ancinus depressus,Ancinus depressus,258872
Balanoglossus,NA,137592
Haustoriidae,NA,101384
Mysella planulata,NA,NA
Chiridotea,NA,118448
Doridella,NA,NA
Melita,NA,101679
Unciola,NA,101474
Unciola serrata,Unciola serrata,158157
Apocorophium lacustre,Apocorophium lacustre,148594
Melitidae,NA,101397
Photis,NA,101563
Chiridotea arenicola,Chiridotea arenicola,257332
Cryptochironomus,NA,NA
Diastylidae,NA,110380
Monocorophium tuberculatum,Monocorophium tuberculatum,421579
Upogebia,NA,107079
Mactridae,NA,230
Acanthohaustorius millsi,Acanthohaustorius millsi,158015
Ameroculodes,NA,391588
Leptosynapta,NA,123449
Procladius,NA,NA
Batea,NA,158031
Mytilidae,NA,211
Palaemonidae,NA,106788
Ampelisca macrocephala,Ampelisca macrocephala,101908
Marginellidae,NA,23025
Pagurus pollicaris,Pagurus pollicaris,366751
Leptocheirus plumulosus,Leptocheirus plumulosus,158113
Rangia cuneata,Rangia cuneata,156991
Chironomus,NA,146802
Lysianassidae,NA,101395
Microphthalmus similis,Microphthalmus similis,130176
Glycera,NA,129296
Cerapus,NA,101566
Dulichiella,NA,415325
Hutchinsoniella macracantha,Hutchinsoniella macracantha,378162
Hypaniola,NA,129164
Mediomastus californiensis,Mediomastus californiensis,157483
Heteromastus,NA,129214
Leptocheirus,NA,101470
Dulichiella appendiculata,Dulichiella appendiculata,421504
Elasmopus laevis,NA,NA
Erichsonella,NA,157886
Ericthonius,NA,101567
Gammarus mucronatus,Gammarus mucronatus,158094
Hydrobiidae,NA,120
Ogyrides alphaerostris,Ogyrides alphaerostris,158368
Bittiolum alternatum,Bittiolum alternatum,160172
Gammarus palustris,Gammarus palustris,490283
Planorbidae,NA,NA
Polychaeta,NA,883
Sphaeriidae,NA,NA
Demonax,NA,NA
Notomastus,NA,129220
Syllis,NA,129680
Scolelepis squamata,Scolelepis squamata,335838
Eulimastoma weberi,Eulimastoma weberi,420448
Tagelus plebeius,Tagelus plebeius,157001
Kurtziella cerina,Kurtziella cerina,159895
Leptosynapta tenuis,Leptosynapta tenuis,158485
Macoma balthica,Macoma balthica,141579
Oedicerotidae,NA,101400
Acetes americanus,Acetes americanus,158344
Gammaridae,NA,101383
Callipallene brevirostris,Callipallene brevirostris,134643
Diopatra cuprea,Diopatra cuprea,157339
Molgula,NA,103509
Parahesione luteola,Parahesione luteola,334355
Tagelus divisus,Tagelus divisus,156999
Americamysis bigelowi,Americamysis bigelowi,161344
Ampithoe valida,Ampithoe valida,102005
Caprella,NA,101430
Cyclaspis,NA,110388
Siliqua costata,Siliqua costata,159998
Acteonidae,NA,155
Isopoda,NA,1131
Cymadusa,NA,101460
Pherusa plumosa,Pherusa plumosa,130113
Rhepoxynius epistomus,Rhepoxynius epistomus,158146
Apocorophium acutum,Apocorophium acutum,148604
Ceratopogonidae,NA,150940
Ampithoe,NA,101459
Cumacea,NA,1137
Anaitides longipes,NA,NA
Tanaissus psammophilus,Tanaissus psammophilus,157839
Prionospio pygmaeus,NA,NA
Glycera capitata,Glycera capitata,130118
Apocorophium simile,Apocorophium simile,421576
Rhithropanopeus harrisii,Rhithropanopeus harrisii,107414
Busycon carica,Busycon carica,160185
Monoculodes,NA,101694
Hirudinea,NA,2041
Tanypus,NA,886228
Chaetopteridae,NA,918
Amphilochidae,NA,101365
Nudibranchia,NA,1762
Pleustidae,NA,101404
Cylichnidae,NA,159
Amakusanthura,NA,118287
Decamastus,NA,324650
Eteone,NA,129443
Gyptis,NA,129307
Streblospio,NA,129627
Chlamydopleon dissimile,Chlamydopleon dissimile,432375
Gitanopsis,NA,101453
Mactrotoma fragilis,Mactrotoma fragilis,420850
Chone,NA,129525
Euclymene,NA,129347
Maldane,NA,129352
Ophiurida,NA,123117
Pista,NA,129708
Prionospio cirrifera,Prionospio cirrifera,131153
Prunum apicinum,Prunum apicinum,420149
Anthozoa,NA,1292
Brachidontes exustus,Brachidontes exustus,397026
Crepidula maculosa,Crepidula maculosa,419704
Hargeria rapax,Hargeria rapax,247538
Laticorophium,NA,415544
Liljeborgia bousfieldi,NA,NA
Ophiodromus,NA,NA
Polydora ligni,NA,NA
Ameroculodes edwardsi,Ameroculodes edwardsi,547000
Armandia maculata,Armandia maculata,157220
Bemlos,NA,101467
Bulla striata,Bulla striata,138940
Corbula,NA,137841
Corbula swiftiana,NA,NA
Diopatra tridentata,Diopatra tridentata,157340
Fabriciola trilobata,NA,NA
Grandidierella bonnieroides,Grandidierella bonnieroides,211405
Kinbergonuphis,NA,173767
Lucina radians,NA,NA
Naineris,NA,129419
Piromis roberti,Piromis roberti,334533
Pyramidella,NA,160041
Shoemakerella cubensis,Shoemakerella cubensis,421497
Sphaerosyllis aciculata,Sphaerosyllis aciculata,331997
Tanystylum orbiculare,Tanystylum orbiculare,134635
Tricolia thalassicola,NA,NA
Amphipholis,NA,123612
Arabella mutans,Arabella mutans,157203
Bittiolum,NA,160170
Caecum nitidum,NA,NA
Dorvilleidae,NA,971
Kalliapseudes,NA,136194
Parvilucina multilineata,NA,NA
Prunum,NA,160009
Semele,NA,138476
Texadina,NA,416060
Tivela trigonella,Tivela trigonella,420965
Amphilochus neapolitanus,NA,NA
Amygdalum sagittatum,Amygdalum sagittatum,420690
Eurypanopeus depressus,Eurypanopeus depressus,158416
Littoridinops monroensis,Littoridinops monroensis,159912
Macoma mitchelli,NA,NA
Mytilopsis leucophaeata,Mytilopsis leucophaeata,156887
Angulus versicolor,NA,NA
Bittiolum varium,Bittiolum varium,160174
Haminoea succinea,Haminoea succinea,420526
Nereiphylla fragilis,Nereiphylla fragilis,157502
Ophiophragmus filograneus,Ophiophragmus filograneus,243925
Oxyurostylis lecroyae,Oxyurostylis lecroyae,182122
Prionospio perkinsi,Prionospio perkinsi,558840
Accalathura crenulata,Accalathura crenulata,258458
Aclididae,NA,NA
Amakusanthura magnifica,Amakusanthura magnifica,255365
Apseudes propinquus,NA,NA
Aricidea (Aricidea) taylori,NA,NA
Batea carinata,Batea carinata,410424
Caecum floridanum,Caecum floridanum,419588
Carditidae,NA,22997
Carpias algicola,Carpias algicola,216037
Cerithium,NA,137760
Craspedochiton hemphilli,NA,NA
Crenella divaricata,Crenella divaricata,506004
Cumella garrityi,NA,NA
Dentatisyllis carolinae,Dentatisyllis carolinae,157337
Diplodonta,NA,138621
Exogone lourei,Exogone lourei,327981
Fimbriosthenelais minor,Fimbriosthenelais minor,131065
Gammaropsis,NA,101558
Gibberosus myersi,Gibberosus myersi,421500
Glycymeris,NA,138035
Glycymeris pectinata,NA,NA
Kalliapseudes bahanensis,NA,NA
Leiocapitella,NA,129215
Lembos,NA,101469
Lembos unifasciatus,NA,NA
Leptochelia,NA,136235
Lucinidae,NA,218
Marginella,NA,138166
Mesochaetopterus,NA,129230
Metaphoxus,NA,101720
Nannastacidae,NA,110383
Nematonereis hebes,NA,NA
Neomegamphopidae,NA,390937
Paranebalia,NA,393673
Parapseudes,NA,136198
Plakosyllis quadrioculata,NA,NA
Pleuromeris tridentata,Pleuromeris tridentata,420835
Prionospio cristata,Prionospio cristata,157542
Pseudoleptochelia,NA,136237
Schistomeringos pectinata,Schistomeringos pectinata,331696
Sphaerosyllis piriferopsis,Sphaerosyllis piriferopsis,131393
Syllis corallicola,Syllis corallicola,131424
Syllis cornuta,Syllis cornuta,157583
Syllis ferrugina,NA,NA
Syllis gracilis,Syllis gracilis,131435
Trichobranchus glacialis,Trichobranchus glacialis,131574
Vaunthompsonia floridana,Vaunthompsonia floridana,181889
Branchiosyllis exilis,Branchiosyllis exilis,131279
Cerapus cudjoe,Cerapus cudjoe,421589
Edotia lyonsi,Edotia lyonsi,257851
Erichsonella attenuata,Erichsonella attenuata,157887
Gibberula lavalleeana,Gibberula lavalleeana,420130
Hourstonius laguna,Hourstonius laguna,421444
Lysidice notata,Lysidice notata,328985
Mooreonuphis pallidula,Mooreonuphis pallidula,334038
Nassarius albus,NA,NA
Sphaeromatidae,NA,118277
Amphiuridae,NA,123206
Acteocina candei,Acteocina candei,420532
Okenia,NA,138042
Turbonilla conradi,Turbonilla conradi,420480
Anomalocardia auberiana,NA,NA
Peramphithoe,NA,NA
Spirobranchus americanus,Spirobranchus americanus,560032
Turbonilla portoricana,Turbonilla portoricana,420494
Goniada littorea,Goniada littorea,157399
Chione cancellata,Chione cancellata,397040
Harrieta faxoni,NA,NA
Ophiophragmus wurdemani,Ophiophragmus wurdemanii,244940
Syllis broomensis,Syllis broomensis,816639
Ampithoidae,NA,101366
Americorophium ellisi,NA,NA
Apocorophium,NA,148593
Cnidaria,NA,1267
Paratanaidae,NA,136162
Perna viridis,Perna viridis,367822
Americamysis bahia,Americamysis bahia,226286
Cerapus benthophilus,Cerapus benthophilus,421588
Exogone breviantennata,Exogone breviantennata,327969
Marphysa,NA,129281
Schistomeringos rudolphii,NA,NA
Syllis beneliahuae,Syllis beneliahuae,195997
Polypedilum scalaenum,NA,NA
Pseudopolydora,NA,129621
Granulina ovuliformis,Granulina ovuliformis,532891
Hauchiella,NA,152388
Pista palmata,Pista palmata,334541
Apocorophium louisianum,Apocorophium louisianum,421575
Collembola,NA,118086
Ennucula aegeensis,Ennucula aegeensis,140581
Eupleura sulcidentata,Eupleura sulcidentata,404149
Branchiomma nigromaculatum,Branchiomma nigromaculatum,209930
Kinbergonuphis simoni,Kinbergonuphis simoni,333715
Sphenia fragilis,Sphenia fragilis,420973
Streptosyllis websteri,Streptosyllis websteri,131402
Ficopomatus miamiensis,Ficopomatus miamiensis,333470
Haminoea,NA,138054
Vermiliopsis annulata,Vermiliopsis annulata,335016
Chaoborus,NA,NA
Epitonium rupicola,NA,NA
No Organisms Present,NA,NA
Ampelisca schellenbergi,Ampelisca schellenbergi,421440
Cardites floridanus,NA,NA
Leptocheliidae,NA,136160
Lysilla,NA,129701
Parapionosyllis uebelackerae,Parapionosyllis uebelackerae,330372
Spirorbis,NA,129642
Xenanthura brevitelson,Xenanthura brevitelson,258295
Alokalliapseudes macsweenyi,NA,NA
Alpheus,NA,106978
Armandia agilis,Armandia agilis,157219
Lucina,NA,147468
Lucina nassula,NA,NA
Opheliidae,NA,924
Sternaspis scutata,Sternaspis scutata,131242
Ophiactidae,NA,123207
Hemipholis elongata,NA,NA
Tanaidacea,NA,1133
Terebra dislocata,NA,NA
Angulus sybaritica,NA,NA
Laevicardium mortoni,Laevicardium mortoni,156782
Microdeutopus,NA,101471
Vitrinellidae,NA,153704
Bodotriidae,NA,110378
Eudevenopus honduranus,Eudevenopus honduranus,421535
Amygdalum,NA,138213
Leitoscoloplos foliosus,Leitoscoloplos foliosus,421018
Macoma constricta,NA,NA
Donax variabilis,Donax variabilis,156776
Echinoidea,NA,123082
Elasmopus levis,Elasmopus levis,421508
Orbiniidae,NA,902
Apseudidae,NA,136153
Aricidea (Acmira) finitima,Aricidea (Acmira) finitima,525483
Aspidosiphon albus,NA,NA
Caulleriella alata,Caulleriella alata,129943
Leptochelia savignyi,NA,NA
Macoma brevifrons,NA,NA
Nereis allanae,NA,NA
Paramphinome,NA,129191
Poecilochaetus johnsoni,Poecilochaetus johnsoni,330841
Processa,NA,107054
Pycnogonida,NA,1302
Scoloplos texana,NA,NA
Americamysis,NA,161519
Isolda pulchella,Isolda pulchella,157441
Ophiothrix angulata,Ophiothrix angulata,245091
Rissoidae,NA,123
Columbellidae,NA,23009
Acmaeidae,NA,114
Aglaophamus verrilli,Aglaophamus verrilli,157147
Anachis floridana,NA,NA
Aplacophora,NA,411
Automate,NA,106980
Branchiosyllis oculata,Branchiosyllis oculata,231877
Carpias,NA,118362
Ceradocus shoemakeri,Ceradocus shoemakeri,421503
Ceratocephale oculata,Ceratocephale oculata,157292
Ceratonereis mirabilis,Ceratonereis mirabilis,130372
Chrysopetalum hernancortezae,Chrysopetalum hernancortezae,326748
Codakia orbicularis,Codakia orbicularis,420787
Codakia orbiculata,NA,NA
Cylindrobulla beauii,Cylindrobulla beauii,420554
Dorvillea largidentis,Dorvillea largidentis,421057
Eulimidae,NA,135
Eunice,NA,129278
Glycera abranchiata,NA,NA
Grubeulepis,NA,129276
Haplosyllis spongicola,Haplosyllis spongicola,131321
Leucothoe spinicarpa,Leucothoe spinicarpa,102470
Lumbrineris coccinea,Lumbrineris coccinea,130242
Mesanthura,NA,205305
Notomastus tenuis,Notomastus tenuis,334241
Ophiactis savignyi,Ophiactis savignyi,125122
Opisthodonta,NA,129661
Paguristes tortugae,Paguristes tortugae,368299
Pagurotanais largoensis,Pagurotanais largoensis,247284
Paleanotus,NA,129238
Pettibonella multiuncinata,Pettibonella multiuncinata,330510
Pilargis berkeleyi,NA,NA
Pionosyllis spinisetosa,NA,NA
Polyplacophora,NA,55
Porifera,NA,558
Protohadzia schoenerae,NA,NA
Pteriidae,NA,1775
Rissoina bryerea,NA,NA
Rissoina cancellata,NA,NA
Schistomeringos,NA,129274
Scyphoproctus platyproctus,Scyphoproctus platyproctus,331798
Taylorpholoe hirsuta,Taylorpholoe hirsuta,334900
Tegula lividomaculata,NA,NA
Vaunthompsonia,NA,110394
Anachis sparsa,NA,NA
Arene tricarinata,Arene tricarinata,419474
Bemlos unicornis,Bemlos unicornis,421560
Cumella,NA,110416
Eulima,NA,137970
Excorallana,NA,248749
Excorallana sexticornis,Excorallana sexticornis,260375
Golfingia,NA,136021
Hippolytidae,NA,106777
Hoplomachus propinquus,NA,NA
Leptochelia forresti,Leptochelia forresti,247545
Syllides bansei,Syllides bansei,131404
Syllis armillaris,Syllis armillaris,131415
Thor floridanus,Thor floridanus,421783
Tricolia,NA,138564
Turbinidae,NA,503
Turbo caniculatus,NA,NA
Anodontia alba,Anodontia alba,493932
Apseudes,NA,136185
Fimbriosthenelais,NA,129588
Nereis panamensis,Nereis panamensis,329714
Odontosyllis enopla,Odontosyllis enopla,330066
Paracerceis caudata,Paracerceis caudata,261817
Paramicrodeutopus myersi,Paramicrodeutopus myersi,421563
Pectinidae,NA,213
Phlyctiderma semiaspera,NA,NA
Pitar fulminatus,NA,NA
Polycirrus plumosus,Polycirrus plumosus,131534
Saltipedis,NA,247013
Terebellides parvus,Terebellides parvus,332521
Angulus texanus,NA,NA
Renilla reniformis,Renilla reniformis,290965
Ophelina acuminata,Ophelina acuminata,130500
Abra aequalis,Abra aequalis,293683
Americhelidium americanum,Americhelidium americanum,421529
Leptochela serratorbita,Leptochela serratorbita,585689
Listriella,NA,NA
Metharpinia floridana,Metharpinia floridana,421534
Semelidae,NA,1781
Solen viridis,Solen viridis,156995
Latreutes parvulus,Latreutes parvulus,240877
Myidae,NA,247
Stenothoe minuta,Stenothoe minuta,158149
Pythinella cuneata,Pythinella cuneata,156989
Malmgreniella,NA,129499
Nassarius acutus,Nassarius acutus,160395
Semele bellastriata,Semele bellastriata,420914
Corbulidae,NA,248
Cyathura burbancki,Cyathura burbancki,255425
Longchaeus suturalis,Longchaeus suturalis,420463
Microphiopholis gracillima,Microphiopholis gracillima,405791
Leucosiidae,NA,106758
Epitonium,NA,137943
Polymesoda caroliniana,Polymesoda caroliniana,420926
Pyrgocythara plicosa,Pyrgocythara plicosa,160476
Solenidae,NA,233
Petricolaria pholadiformis,Petricolaria pholadiformis,156961
Acanthohaustorius intermedius,Acanthohaustorius intermedius,158014
Anachis obesa,NA,NA
Amphiglena,NA,129521
Odontosyllis,NA,129660
Thyonella gemmata,Thyonella gemmata,158534
Gouldia cerina,Gouldia cerina,420939
Isaeidae,NA,101388
Boonea impressa,Boonea impressa,420437
Parahaustorius longimerus,Parahaustorius longimerus,421475
Dissodactylus mellitae,Dissodactylus mellitae,158412
Ampharete,NA,129155
Arabella nultidentata,NA,NA
Ostreidae,NA,215
Phoxocephalidae,NA,101403
Rhodine,NA,129363
Lasaeidae,NA,222
Psammobiidae,NA,237
Thraciidae,NA,256
Loimia viridis,Loimia viridis,328870
Aricidea (Aricidea) fragilis,Aricidea (Aricidea) fragilis,340355
Polypedilum convictum,NA,NA
Amphiporus,NA,122391
Lunarca ovalis,Lunarca ovalis,420721
Lyonsia,NA,138154
Paracaprella,NA,205025
Pista cristata,Pista cristata,131516
Proceraea,NA,129671
Nephtys bucera,Nephtys bucera,157499
Pseudozeuxidae,NA,196161
Cancellaria reticulata,Cancellaria reticulata,515781
Eupleura caudata,Eupleura caudata,160314
Lepidonotus variabilis,Lepidonotus variabilis,328822
Musculus lateralis,Musculus lateralis,420707
Nematonereis unicornis,NA,NA
Pholadidae,NA,252
Streblosoma hartmanae,Streblosoma hartmanae,332332
Littorinidae,NA,119
Chiridotea almyra,Chiridotea almyra,257331
Lepidactylus dytiscus,NA,NA
Polinices duplicatus,NA,NA
Campanulinidae,NA,1607
Autolytus prolifera,NA,NA
Ensis minor,Ensis minor,140734
Pollia tincta,NA,NA
Solecurtidae,NA,1784
Travisia forbesii,Travisia forbesii,130512
Arthropoda,NA,1065
Campanulariidae,NA,1606
Polypedilum illinoense,NA,NA
Parvanachis ostreicola,Parvanachis ostreicola,420007
Eulimastoma,NA,415366
Fargoa gibbosa,Fargoa gibbosa,160335
Gyptis vittata,Gyptis vittata,157414
Sertulariidae,NA,1614
Diphasia,NA,117228
Panopeus simpsoni,Panopeus simpsoni,422088
Acanthohaustorius,NA,158013
Olivella,NA,138274
Protohaustorius deichmannae,Protohaustorius deichmannae,158136
Sergestidae,NA,106731
Coronadena,NA,157974
Pinnixa sayana,NA,NA
Dispio uncinata,Dispio uncinata,131125
Idotea,NA,118454
Zygonemertes,NA,122400
Ampelisca holmesi,Ampelisca holmesi,421437
Cerebratulus,NA,122348
Corbula chittyana,NA,NA
Lopescladius,NA,NA
Parahaustorius holmesi,Parahaustorius holmesi,491532
Hermundura tricuspis,Hermundura tricuspis,337595
Sigambra bassi,Sigambra bassi,157568
Cylichna,NA,137867
Microphiopholis atra,Microphiopholis atra,158072
Squilla,NA,136113
Edotia,NA,157882
Lepidonotus,NA,129496
Aegathoa oculata,Aegathoa oculata,258695
Onuphis eremita,Onuphis eremita,130470
Eunicidae,NA,966
Magelona filiformis,Magelona filiformis,130268
Semele proficua,Semele proficua,420915
Barbatia domingensis,NA,NA
Angulus tenellus,NA,NA
Phloeothripidae,NA,NA
Stenothoidae,NA,101409
Angulus merus,NA,NA
Asteroidea,NA,123080
Gattyana cirrhosa,Gattyana cirrhosa,130749
Harmothoe extenuata,Harmothoe extenuata,130762
Nephtys squamosa,Nephtys squamosa,334156
Onchidoris muricata,Onchidoris muricata,140640
Pagurus politus,Pagurus politus,158404
Periploma,NA,156937
Pontogeneia inermis,Pontogeneia inermis,102223
Praxillella gracilis,Praxillella gracilis,130324
Spio goniocephala,Spio goniocephala,131184
Tanaissus lilljeborgi,Tanaissus lilljeborgi,136486
Diastylis polita,Diastylis polita,157815
Eudorella pusilla,Eudorella pusilla,110533
Orchomenella minuta,Orchomenella minuta,102690
Photis macrocoxa,NA,NA
Polydora quadrilobata,NA,NA
Aeginina longicornis,Aeginina longicornis,101820
Hiatella arctica,Hiatella arctica,140103
Lunatia heros,NA,NA
Pleurogonium,NA,118388
Apistobranchus tullbergi,Apistobranchus tullbergi,129851
Campylaspis affinis,Campylaspis affinis,110537
Euchone incolor,Euchone incolor,155202
Galathowenia oculata,Galathowenia oculata,146950
Harpinia propinqua,NA,NA
Lumbrineris acicularum,NA,NA
Onoba pelagica,NA,NA
Pleurogonium spinosissimum,Pleurogonium spinosissimum,118802
Rhodine loveni,Rhodine loveni,130331
Stenopleustes inermis,NA,NA
Terebellides stroemii,Terebellides stroemii,131573
Ovalipes ocellatus,Ovalipes ocellatus,158434
Cirrophorus armatus,NA,NA
Mya,NA,138211
Arabella iricolor,Arabella iricolor,129854
Pandora,NA,138310
Novaquesta trifurcata,NA,NA
Aricidea quadrilobata,NA,NA
Chaetozone setosa,Chaetozone setosa,129955
Diastylis abbreviata,Diastylis abbreviata,157811
Mayerella limicola,Mayerella limicola,158041
Ophiura sarsii,Ophiura sarsii,124934
Thyasira trisinuata,Thyasira trisinuata,156674
Anonyx lilljeborgii,NA,NA
Dulichia porrecta,NA,NA
Diastylis sculpta,Diastylis sculpta,157817
Pinnotheres ostreum,NA,NA
Microprotopus,NA,101561
Argopecten irradians,Argopecten irradians,156817
Crepidula convexa,Crepidula convexa,160228
Ecrobia truncata,Ecrobia truncata,574096
Idotea phosphorea,Idotea phosphorea,157891
Abra lioica,Abra lioica,156730
Eupolymnia,NA,129693
Spio setosa,Spio setosa,157573
Ophryotrocha,NA,129266
Idotea balthica,Idotea balthica,119039
Ampeliscidae,NA,101364
Aglaophamus circinata,Aglaophamus circinata,157145
Astarte borealis,NA,NA
Politolana polita,Politolana polita,157903
Crassostrea virginica,Crassostrea virginica,140657
Hartmanodes,NA,415449
Cyclaspis pustulata,Cyclaspis pustulata,181732
Littorina littorea,NA,NA
Parougia caeca,Parougia caeca,130036
Pseudunciola obliquua,Pseudunciola obliquua,158144
Cirrophorus ilvana,NA,NA
Clymenella zonalis,NA,NA
Aphelochaeta marioni,Aphelochaeta marioni,129938
Campylaspis rubicunda,Campylaspis rubicunda,110555
Praxillella,NA,NA
Sphaerodoropsis minuta,NA,NA
Spio limicola,Spio limicola,156433
Thyasiridae,NA,219
Arbacia punctulata,Arbacia punctulata,158058
Asterias forbesi,Asterias forbesi,158489
Crenella,NA,NA
Crenella glandula,NA,NA
Euspira immaculata,NA,NA
Exogone verugera,Exogone verugera,333456
Idoteidae,NA,118283
Ischyrocerus anguipes,Ischyrocerus anguipes,102412
Microspio pigmentata,Microspio pigmentata,157490
Ophiopholis aculeata,Ophiopholis aculeata,125125
Ptychatractus ligatus,Ptychatractus ligatus,160036
Strongylocentrotus droebachien,Strongylocentrotus droebachiensis,124321
Syllides longocirratus,Syllides longocirratus,131411
Campylaspis,NA,NA
Nereis pelagica,Nereis pelagica,130404
Casco bigelowi,Casco bigelowi,158077
Caecum johnsoni,NA,NA
Spisula,NA,NA
Dodecaceria coralii,Dodecaceria coralii,157342
Finella adamsi,Finella adamsi,419537
Elysia,NA,NA
Janira maculosa,Janira maculosa,118732
Pleurobranchaea tarda,Pleurobranchaea tarda,160478
Jassa falcata,Jassa falcata,102431
Cirolanidae,NA,118273
Dipolydora,NA,NA
Astarte,NA,NA
Urosalpinx cinerea,Urosalpinx cinerea,140429
Nephtys caeca,Nephtys caeca,130355
Amphiporeia virginiana,Amphiporeia virginiana,382372
Bathyporeia quoddyensis,Bathyporeia quoddyensis,158034
Mancocuma stellifera,Mancocuma stellifera,157833
Palaemonetes pugio,NA,NA
Polypedilum simulans,NA,NA
Pectinaria granulata,NA,NA
Argissa hamatipes,Argissa hamatipes,102064
Monticellina baptisteae,NA,NA
Modiolus modiolus,Modiolus modiolus,140467
Chaetopleura apiculata,Chaetopleura apiculata,848051
Glycinde armigera,Glycinde armigera,240633
Seila adamsii,Seila adamsii,160051
Upogebia affinis,Upogebia affinis,158389
Metopella angusta,Metopella angusta,157849
Musculus niger,Musculus niger,140474
Anaitides mucosa,NA,NA
Solemya viridis,NA,NA
Diastylis,NA,NA
Goniada maculata,Goniada maculata,130140
Maldane glebifex,Maldane glebifex,130303
Paraonis pygoenigmatica,Paraonis pygoenigmatica,157523
Protodriloides chaetifer,Protodriloides chaetifer,130837
Sphaerosyllis erinaceus,NA,NA
Ceriantharia,NA,1361
Politolana impostor,Politolana impostor,256717
Sthenelais limicola,Sthenelais limicola,131077
Mysidopsis,NA,NA
Dulichia monacantha,NA,NA
Flabelligeridae,NA,976
Leptostylis longimana,Leptostylis longimana,110503
Ophiura robusta,Ophiura robusta,124933
Sphaerodoridium claparedii,Sphaerodoridium claparedii,157570
Thyasira flexuosa,Thyasira flexuosa,141662
Caudina arenata,Caudina arenata,152559
Deflexilodes,NA,236537
Hartmania moorei,Hartmania moorei,157436
Trochochaeta multisetosa,Trochochaeta multisetosa,131576
Haploops setosa,Haploops setosa,101954
Erythrops erythrophthalma,NA,NA
Nephropidae,NA,106741
Scaphopoda,NA,104
Nassarius,NA,NA
Thyasira,NA,NA
Podoceridae,NA,101405
Leitoscoloplos robustus,Leitoscoloplos robustus,421019
Macroclymene zonalis,NA,NA
Oligochaeta,NA,2036
Salvatoria clavata,Salvatoria clavata,195986
Sphaerosyllis brevidentata,Sphaerosyllis brevidentata,332002
Eteone foliosa,NA,NA
Ceratonereis irritabilis,NA,NA
Pentamera pulcherrima,Pentamera pulcherrima,149908
Ceriantheopsis americanus,NA,NA
Globosolembos smithi,Globosolembos smithi,421562
Hydroides protulicola,Hydroides protulicola,338020
Monticellina dorsobranchialis,NA,NA
Oenonidae,NA,22610
Spirorbis corrugatus,Spirorbis corrugatus,155533
Arabella,NA,NA
Gitanopsis tortugae,NA,NA
Scolelepis bousfieldi,NA,NA
Achelia spinosa,Achelia spinosa,158476
Aligena elevata,NA,NA
Jassa marmorata,Jassa marmorata,102433
Stenothoe georgiana,Stenothoe georgiana,421539
Branchiostoma caribaeum,Branchiostoma caribaeum,157858
Hemipodia simplex,Hemipodia simplex,333592
Levinsenia,NA,NA
Streptosyllis,NA,129678
Synidotea laticauda,Synidotea laticauda,257397
Travisia,NA,NA
Thalassinidea,NA,NA
Ceratopogon,NA,150975
Dero,NA,NA
Hobsonia florida,Hobsonia florida,333624
Paranais litoralis,Paranais litoralis,137485
Sphaeroma quadridentatum,Sphaeroma quadridentatum,157912
Tubificoides,NA,NA
Aulodrilus pigueti,NA,NA
Cassidinidea ovalis,Cassidinidea ovalis,259670
Gammarus daiberi,Gammarus daiberi,158091
Chaoborus punctipennis,NA,NA
Cladopelma,NA,NA
Tanypus neopunctipennis,NA,NA
Tanytarsus limneticus,NA,NA
Tribelos jucundus,NA,NA
Saccoglossus kowalevskii,Saccoglossus kowalevskii,137600
Scolelepis unidentata,NA,NA
Amastigos caperatus,Amastigos caperatus,157156
Echinodermata,NA,1806
Brania,NA,NA
Stenothoe,NA,NA
Anoplodactylus petiolatus,Anoplodactylus petiolatus,134723
Berosus,NA,NA
Boccardiella hamata,Boccardiella hamata,333121
Dicrotendipes neomodestus,NA,NA
Glyptotendipes,NA,150884
Nais communis,NA,NA
Oxyethira,NA,NA
Eulimastoma engonium,Eulimastoma engonium,420446
Microphthalmus aggregatus,Microphthalmus aggregatus,329384
Protodrilus,NA,NA
Luconacia incerta,NA,NA
Linopherus paucibranchiata,Linopherus paucibranchiata,129835
Micrura leidyi,Micrura leidyi,155912
Carinoma tremaphoros,Carinoma tremaphoros,146924
Sayella chesapeakea,Sayella chesapeakea,160444
Boccardiella ligerica,Boccardiella ligerica,131114
Branchiura sowerbyi,NA,NA
Gomphus,NA,NA
Harnischia,NA,NA
Amphiporus bioculatus,NA,NA
Cryptotendipes,NA,NA
Ilyodrilus templetoni,NA,NA
Amphitrite johnstoni,NA,NA
Styela clava,Styela clava,103929
Ericthonius rubricornis,Ericthonius rubricornis,102409
Tharyx kirkegaardi,Tharyx kirkegaardi,332545
Ephesiella minuta,NA,NA
Nuculana pernula,Nuculana pernula,140579
Retusa obtusa,Retusa obtusa,141134
Spiophanes wigleyi,Spiophanes wigleyi,131190
Clava multicornis,Clava multicornis,117426
Syllides setosa,Syllides setosa,157582
Potamilla neglecta,Potamilla neglecta,130954
Corophium volutator,Corophium volutator,102101
Nereis diversicolor,NA,NA
Pectinariidae,NA,980
Cylichna gouldii,Cylichna gouldii,160060
Yoldia sapotilla,Yoldia sapotilla,157007
Anaitides groenlandica,NA,NA
Dendrodoa carnea,Dendrodoa carnea,103881
Munna fabricii,Munna fabricii,118754
Petaloproctus tenuis,Petaloproctus tenuis,130320
Amphipholis squamata,Amphipholis squamata,125064
Exogone longicirrus,NA,NA
Priapulida,NA,101063
Sclerodactyla briareus,Sclerodactyla briareus,158532
Lamprops quadriplicata,NA,NA
Tiron spiniferum,NA,NA
Laonome kroeyeri,NA,NA
Astartidae,NA,228
Paraleucon,NA,181444
Poecilochaetus,NA,NA
Desmosoma,NA,118319
Sphaerodoridae,NA,957
Lepeta caeca,Lepeta caeca,140187
Syllides,NA,129679
Dexaminidae,NA,101378
Maera danae,Maera danae,158037
Nuculana acuta,NA,NA
Petalosarsia declivis,Petalosarsia declivis,110593
Photis reinhardi,Photis reinhardi,102387
Circeis spirillum,Circeis spirillum,131201
Ennucula delphinodonta,Ennucula delphinodonta,506605
Euchone rubrocincta,Euchone rubrocincta,130909
Eudorella truncatula,Eudorella truncatula,110535
Hiatellidae,NA,251
Munna,NA,118374
Pycnogonidae,NA,1567
Sphaerodoropsis,NA,129601
Autolytus cornutus,NA,NA
Ophelina cylindricaudata,Ophelina cylindricaudata,130503
Argissidae,NA,101369
Galathowenia,NA,146949
Eudorellopsis deformis,Eudorellopsis deformis,110536
Jaera marina,NA,NA
Marenzelleria,NA,129615
Erythrops,NA,119856
Lepidoptera,NA,NA
Orchestia grillus,NA,NA
Anthuridae,NA,118244
Melita dentata,NA,NA
Solen,NA,138515
Westwoodilla caecula,Westwoodilla caecula,102932
Campylaspis rubromaculata,Campylaspis rubromaculata,182449
Nephtys ciliata,Nephtys ciliata,130356
Psammonyx nobilis,NA,NA
Pseudoleptocuma minus,Pseudoleptocuma minus,157836
Clinocardium ciliatum,NA,NA
Leptostylis,NA,110403
Orchomenella pinguis,Orchomenella pinguis,102696
Mysis mixta,Mysis mixta,120113
Edotia montosa,Edotia montosa,157884
Assiminea succinea,NA,NA
Buccinidae,NA,149
Moelleria,NA,602534
Syllis alosae,Syllis alosae,195996
Havelockia scabra,Havelockia scabra,422530
Barantolla,NA,254302
Nuculana,NA,138259
Ampelisca agassizi,Ampelisca agassizi,158021
Byblis,NA,101446
Trichobranchidae,NA,983
Spiophanes,NA,129626
Modiolus,NA,138223
Alvania,NA,138439
Bylgides sarsi,Bylgides sarsi,130735
Ogyrides,NA,106998
Americamysis almyra,Americamysis almyra,161345
Arcuatula papyria,Arcuatula papyria,505948
Bispira,NA,129523
Epitoniidae,NA,132
Rheotanytarsus pellucidus,NA,NA
Polypedilum bergi,NA,NA
Argopecten gibbus,Argopecten gibbus,394271
Branchiomaldane vicenti,NA,NA
Pista quadrilobata,Pista quadrilobata,334544
Orbinia riseri,Orbinia riseri,157515
Terebra,NA,160427
Sigambra,NA,129467
Magelona phyllisae,Magelona phyllisae,329154
Pinnixa retinens,NA,NA
Glycera robusta,Glycera robusta,157394
Bhawania heteroseta,Bhawania heteroseta,421043
Nereis falsa,NA,NA
Hexagenia limbata,NA,NA
Pilargidae,NA,15009
Ancistrosyllis jonesi,Ancistrosyllis jonesi,157174
Transennella stimpsoni,NA,NA
Crassatellidae,NA,23013
Spio pettiboneae,Spio pettiboneae,157572
Sigambra pettiboneae,Sigambra pettiboneae,331926
Epoicocladius,NA,NA
Pseudochironomus,NA,NA
Neopanope sayi,NA,NA
Lumbrineris hebes,NA,NA
Uhlorchestia uhleri,Uhlorchestia uhleri,421548
Pseudopolydora diopatra,Pseudopolydora diopatra,331413
Nephtys discors,Nephtys discors,157500
Polypedilum trigonus,NA,NA
Cricotopus orthocladius,NA,NA
Neritidae,NA,13588
Hypereteone,NA,146983
Hyalella azteca,NA,NA
Trochidae,NA,443
Farfantepenaeus aztecus,NA,NA
Magelona rosea,Magelona rosea,130273
Cricotopus,NA,150874
Notomastus hemipodus,Notomastus hemipodus,157504
Melongenidae,NA,160182
Aplustridae,NA,411859
Pleusymtes glaber,Pleusymtes glaber,103020
Epitonium multistriatum,Epitonium multistriatum,160295
Augeneriella,NA,129522
Erpobdellidae,NA,160005
Oecetis inconspicua,NA,NA
Lysidice,NA,129280
Parahaustorius attenuatus,Parahaustorius attenuatus,491531
Boccardiella,NA,129610
Sabellariidae,NA,979
Cancridae,NA,106749
Haustorius canadensis,Haustorius canadensis,158101
Dero flabelliger,NA,NA
Naidinae,NA,176043
Oecetis,NA,NA
Paralauterborniella nigrohalterale,NA,NA
Phaenopsectra,NA,NA
Probezzia,NA,NA
Rheotanytarsus,NA,NA
Melinna,NA,129168
Callinectes sapidus,Callinectes sapidus,107379
Ablabesmyia,NA,NA
Orthocladius,NA,NA
Psectrocladius,NA,NA
Palaemonetes vulgaris,NA,NA
Cucumariidae,NA,123187
Hippolyte,NA,106987
Labidoplax,NA,123448
Nuculidae,NA,204
Microphthalmus hartmanae,Microphthalmus hartmanae,329392
Idotea metallica,Idotea metallica,119047
Oweniidae,NA,975
Circulus multistriatus,Circulus multistriatus,1591743
Ancistrosyllis groenlandica,Ancistrosyllis groenlandica,130695
Ceratonereis,NA,129372
Elliptio,NA,456403
Hexagenia,NA,NA
Optioservus,NA,NA
Quistradrilus multisetosus,NA,NA
Amphissa haliaeeti,NA,NA
Megalomma,NA,NA
Philine lima,NA,NA
Amphitrite ornata,Amphitrite ornata,157166
Pseudopotamilla,NA,129548
Paraonis,NA,129435
Onuphis quadricuspis,NA,NA
Drilonereis magna,Drilonereis magna,157358
Mytilus,NA,138228
Pinnotheres maculatus,NA,NA
Fabricia sabella,NA,NA
Pharidae,NA,23091
Listriella clymenellae,NA,NA
Eualus pusiolus,Eualus pusiolus,107507
Travisia parva,Travisia parva,332645
Janiridae,NA,118258
Fargoa dianthophila,Fargoa dianthophila,160332
Plesiolembos smithi,NA,NA
Pitar,NA,138644
Biffarius biformis,Biffarius biformis,158382
Platyhelminthes,NA,793
Eurytellina alternata,Eurytellina alternata,420867
Amphipholis gracillima,NA,NA
Carazziella,NA,325175
Carinomella lactea,Carinomella lactea,146927
Parapionosyllis,NA,129664
Sabellaria floridensis,Sabellaria floridensis,157554
Tubificoides wasselli,Tubificoides wasselli,395109
Veneroida,NA,NA
Metapenaeopsis goodei,Metapenaeopsis goodei,377493
Tubificoides brownae,Tubificoides brownae,137572
Brachyura,NA,106673
Lophogastridae,NA,119821
Glycinde,NA,129299
Amastigos,NA,157155
Enoplobranchus sanguineus,Enoplobranchus sanguineus,157370
Leptochela,NA,107050
Pionosyllis,NA,129669
Phoronida,NA,1789
Hemichordata,NA,1818
Portunus gibbesii,NA,NA
Lysidice ninetta,Lysidice ninetta,130071
Syllides fulvus,Syllides fulvus,131409
Pseudohaustorius carolinensis,NA,NA
Eteone lactea,NA,NA
Grapsidae,NA,106772
Achelia sawayai,Achelia sawayai,239556
Eulalia,NA,129445
Podarke,NA,NA
Amphiodia pulchella,Amphiodia pulchella,242674
Notomastus lineatus,Notomastus lineatus,129899
Cymatium,NA,138426
Alpheus heterochaelis,Alpheus heterochaelis,158348
Gammaridea,NA,NA
Meximaera caroliniana,NA,NA
Sigambra wassi,Sigambra wassi,157569
Persephona mediterranea,Persephona mediterranea,158443
Ogyrides hayi,Ogyrides hayi,421787
Diopatra,NA,129398
Anomura,NA,106671
Chlamydopleon,NA,226151
Euceramus praelongus,Euceramus praelongus,421863
Polydora colonia,Polydora colonia,131142
Monopylephorus rubroniveus,Monopylephorus rubroniveus,137551
Aphrogenia,NA,129195
Anchialina typica,Anchialina typica,161494
Eurydice,NA,118401
Polinices,NA,147109
Websterinereis tridentata,Websterinereis tridentata,155207
Eurypanopeus,NA,158415
Diplothyra smithii,NA,NA
Bushia,NA,415137
Myrianida,NA,129659
Polycirrus eximius dubius,NA,NA
Insecta,NA,1307
Fabricia,NA,129529
Nymphonidae,NA,1566
Thelepus setosus,Thelepus setosus,131544
Squilla empusa,Squilla empusa,158466
Modiolus americanus,Modiolus americanus,420705
Heteropodarke heteromorpha,Heteropodarke heteromorpha,328381
Notomastus americanus,NA,NA
Litopenaeus setiferus,NA,NA
Leptognathia caeca,NA,NA
Anadara notabilis,Anadara notabilis,420712
Nereis micromma,NA,NA
Owenia,NA,129427
Capitomastus aciculatus,NA,NA
Exosphaeroma diminutum,Exosphaeroma diminutum,257021
Diopatra papillata,Diopatra papillata,326965
Doriopsilla pharpa,Doriopsilla pharpa,156711
Crustacea,NA,1066
Colomastix halichondriae,Colomastix halichondriae,421457
Cirripedia,NA,1082
Molgula manhattensis,Molgula manhattensis,103788
Angulus probinus,NA,NA
Bathyporeia parkeri,Bathyporeia parkeri,550544
Synaptidae,NA,123182
Morula didyma,NA,NA
Phoronis ovalis,Phoronis ovalis,128550
Polygordiidae,NA,993
Heterodrilus,NA,137382
Petrolisthes armatus,Petrolisthes armatus,396707
Costoanachis avara,Costoanachis avara,160222
Euthelepus,NA,129694
Caridea,NA,106674
Cerithiopsis,NA,137764
Pinnotheres,NA,106976
Rimapenaeus constrictus,Rimapenaeus constrictus,158340
Cassidinidea lunifrons,Cassidinidea lunifrons,1288310
Heteronemertea,NA,122305
Cerithiopsis emersonii,NA,NA
Dondice occidentalis,Dondice occidentalis,181246
Petrolisthes,NA,206848
Glycymeris americana,Glycymeris americana,420727
Fissurellidae,NA,111
Mysida,NA,149668
Prionospio cirrobranchiata,NA,NA
Sabellaria vulgaris vulgaris,NA,NA
Parahesione,NA,156854
Americorophium aquafuscum,Americorophium aquafuscum,431324
Orchestia,NA,101783
Syllides floridanus,Syllides floridanus,332370
Tiron tropakis,NA,NA
Trachycardium egmontianum,Trachycardium egmontianum,519471
Macronychus glabratus,NA,NA
Texadina sphinctostoma,Texadina sphinctostoma,419613
Mysidacea,NA,NA
Einfeldia,NA,NA
Sabella,NA,129549
Trichoptera,NA,160252
Zalutschia zalutschicola,NA,NA
Ablabesmyia annulata,NA,NA
Clinotanypus,NA,NA
Caenis,NA,NA
Sialis,NA,NA
Tanypus concavus,NA,NA
Leucon,NA,110414
Ephemeroptera,NA,NA
Odonata,NA,404096
Orthotrichia,NA,NA
Zavreliella marmorata,NA,NA
Kiefferulus,NA,NA
Limnodrilus,NA,137388
Stylaria lacustris,NA,NA
Pristinella osborni,NA,NA
Cryptochironomus fulvus,NA,NA
Peloscolex benedeni,NA,NA
Ablabesmyia parajanta,NA,NA
Stylochus ellipticus,Stylochus ellipticus,417036
Clinotanypus pinguis,NA,NA
Procladius sublettei,NA,NA
Pagurus acadianus,Pagurus acadianus,158400
Xenochironomus,NA,NA
Kurtziella atrostyla,Kurtziella atrostyla,420345
Neohaustorius schmitzi,Neohaustorius schmitzi,158121
Chiridotea nigrescens,NA,NA
Protohaustorius longimerus,NA,NA
Exosphaeroma,NA,118429
Barnea truncata,Barnea truncata,156750
Branchiostoma virginiae,Branchiostoma virginiae,266219
Edwardsia elegans,Edwardsia elegans,158235
Skeneopsis planorbis,Skeneopsis planorbis,141539
Simulium,NA,NA
Cucumaria pulcherrima,NA,NA
Dicrotendipes nervosus,NA,NA
Odontosyllis longiseta,Odontosyllis longiseta,330079
Pagurus pubescens,Pagurus pubescens,107240
